Bank,Credit Card,Photo Direct Link,Points or Cashback?,"If Points, Type?",General Cashback,Restaurants,Groceries,Drug Store,Gas,Travel,Entertainment,Bill Payments,Store,Cashback,Notes
RBC,RBC Avion Visa Infinite,https://www.rbcroyalbank.com/credit-cards/app/assets/cards/iav_infiniteavion_en_sm.png,Points,RBC,1.14%,1.14%,1.14%,1.14%,1.14%,1.14%,1.14%,1.14%,,,
RBC,RBC Rewards+ Visa,https://www.rbcroyalbank.com/credit-cards/app/assets/cards/rvc_rewardsplus_en_sm.png,Points,RBC,0.57%,0.57%,1.14%,1.14%,1.14%,0.57%,0.57%,0.57%,,,
RBC,RBC Cash Back Preferred World Elite Mastercard,https://www.rbcroyalbank.com/credit-cards/app/assets/cards/mcp_cashbackpreferred_en_sm.png,Cashback,,1.50%,1.50%,1.50%,1.50%,1.50%,1.50%,1.50%,1.50%,,,
RBC,RBC Cash Back Mastercard,https://www.rbcroyalbank.com/credit-cards/app/assets/cards/mc1_cashbackmc_en_sm.png,Cashback,,1%,1%,2%,1%,1%,1%,1%,1%,,,
RBC,RBC Visa Classic Low Rate Option,https://www.rbcroyalbank.com/credit-cards/app/assets/cards/clo_classiclowrate_en_sm.png,Cashback,,0%,0%,0%,0%,0%,0%,0%,0%,,,
RBC,WestJet RBC World Elite Mastercard,https://www.rbcroyalbank.com/credit-cards/app/assets/cards/mc4_wjwe_worldelite_en_sm.png,Points,WestJet,1.50%,1.50%,1.50%,1.50%,1.50%,1.50%,1.50%,1.50%,"WestJet Flights, WestJet Vacations",2%,
RBC,RBC Avion Visa Infinite Privilege,https://www.rbcroyalbank.com/credit-cards/app/assets/cards/avp_infinite_en_sm.png,Points,RBC,1.43%,1.43%,1.43%,1.43%,1.43%,1.43%,1.43%,1.43%,,,
RBC,Signature RBC Rewards Visa,https://www.rbcroyalbank.com/credit-cards/app/assets/cards/cl2_signaturerewards_en_sm.png,Points,RBC,1.14%,1.14%,1.14%,1.14%,1.14%,1.14%,1.14%,1.14%,,,
RBC,RBC Avion Visa Platinum,https://www.rbcroyalbank.com/credit-cards/app/assets/cards/gcp_platinumavion_en_sm.png,Points,RBC,1.14%,1.14%,1.14%,1.14%,1.14%,1.14%,1.14%,1.14%,,,
RBC,RBC Visa Platinum,https://www.rbcroyalbank.com/credit-cards/app/assets/cards/plt_platinum_en_sm.png,Cashback,,0%,0%,0%,0%,0%,0%,0%,0%,,,
RBC,RBC Rewards Visa Preferred,https://www.rbcroyalbank.com/credit-cards/app/assets/cards/gpr-plp_rewardspreferred_en_sm.png,Points,RBC,1.43%,1.43%,1.43%,1.43%,1.43%,1.43%,1.43%,1.43%,,,
RBC,RBC RateAdvantage Visa,https://www.rbcroyalbank.com/credit-cards/app/assets/cards/vpr_rateadvantage_en_sm.png,Cashback,,0%,0%,0%,0%,0%,0%,0%,0%,,,
RBC,RBC U.S. Dollar Visa Gold,https://www.rbcroyalbank.com/credit-cards/app/assets/cards/gus_usgold_en_sm.png,Cashback,,1%,1%,1%,1%,1%,1%,1%,1%,,,
RBC,WestJet RBC Mastercard,https://www.rbcroyalbank.com/credit-cards/app/assets/cards/mc2_wj_westjet_en_sm.png,Points,WestJet,1%,1%,1%,1%,1%,1%,1%,1%,"WestJet Flights, WestJet Vacations",1.50%,
RBC,RBC British Airways Visa Infinite,https://www.rbcroyalbank.com/credit-cards/app/assets/cards/bap_ba_britishairways_en_sm.png,Points,Avios,1%,1%,1%,1%,1%,1%,1%,1%,,,
RBC,RBC Cathay Pacific Visa Platinum,https://www.rbcroyalbank.com/credit-cards/app/assets/cards/pca_cathaypacific_en_sm.png,Points,Asia Miles,1%,1%,1%,1%,1%,1%,1%,1%,Cathay Pacific Online,2%,
RBC,RBC Avion Visa Infinite Business,https://www.rbcroyalbank.com/credit-cards/app/assets/cards/aib_businessinfiniteavion_en_sm.png,Points,RBC,1.43%,1.43%,1.43%,1.43%,1.43%,1.43%,1.43%,1.43%,,,
RBC,RBC Avion Visa Business,https://www.rbcroyalbank.com/credit-cards/app/assets/cards/cpx_businessplatinumavion_en_sm.png,Points,"RBC, Petro",1.14%,1.14%,1.14%,1.14%,1.14%,1.14%,1.14%,1.14%,,,
RBC,RBC Business Cash Back Mastercard,https://www.rbcroyalbank.com/credit-cards/app/assets/cards/mc6_business_cashback_mc_en_sm.png,Cashback,,1%,1%,1%,1%,1%,1%,1%,1%,,,
RBC,RBC Visa Business,https://www.rbcroyalbank.com/credit-cards/app/assets/cards/cxp_clx_gxp_uxp_visabusiness_en_sm.png,Cashback,,0%,0%,0%,0%,0%,0%,0%,0%,,,
RBC,RBC Visa CreditLine for Small Business,https://www.rbcroyalbank.com/credit-cards/app/assets/cards/ccl_clsb_en_sm.png,Points,RBC,0.57%,0.57%,0.57%,0.57%,0.57%,0.57%,0.57%,0.57%,Petro-Canada,1.20%,
CIBC,CIBC Aventura® Visa Infinite Card,https://www.cibc.com/content/dam/global/card_images/com/flat/cibc-visa-aventura-infinite-en.png/_jcr_content/renditions/cq5dam.thumbnail.319.319.png,Points,Aventura,1.16%,1.16%,1.74%,1.74%,1.74%,0.00%,1.16%,0.00%,,,
CIBC,CIBC Aeroplan® Visa Infinite Card,https://www.cibc.com/content/dam/global/card_images/online-banking/ps-ac/cibc-olb-ps-ac-aeroplan-infinite-front-fr.png/_jcr_content/renditions/cq5dam.thumbnail.319.319.png,Points,Aventura,1.16%,1.16%,1.74%,1.16%,1.74%,1.74%,1.16%,0.00%,,,
CIBC,CIBC Aventura® Visa Infinite Privilege Card,https://www.cibc.com/content/dam/personal_banking/credit_cards/product_pages/alpha-vip/Visa-Infinite-Privilege.svg/_jcr_content/renditions/cq5dam.thumbnail.319.319.png,Points,Aventura,1.45%,2.32%,2.32%,1.45%,2.32%,3.48%,2.32%,0.00%,,,
CIBC,CIBC Aeroplan® Visa Infinite Privilege Card,https://www.cibc.com/content/dam/global/card_images/online-banking/ps-ac/cibc-olb-ps-ac-aeroplan-infinite-privilege-front-fr.png/_jcr_content/renditions/cq5dam.thumbnail.319.319.png,Points,Aeroplan,1.94%,2.33%,2.33%,1.94%,2.33%,3.10%,1.94%,0.00%,,,
CIBC,CIBC Aventura® Gold Visa Card,https://www.cibc.com/content/dam/global/card_images/com/flat/cibc-visa-aventura-gold-en.png/_jcr_content/renditions/cq5dam.thumbnail.319.319.png,Points,Aventura,1.16%,1.16%,1.74%,1.74%,1.74%,2.32%,1.16%,0.00%,,,
CIBC,CIBC Aventura® Visa Card,https://www.cibc.com/content/dam/global/card_images/com/flat/cibc-visa-aventura-en.png/_jcr_content/renditions/cq5dam.thumbnail.319.319.png,Points,Aventura,1.16%,1.16%,1.16%,1.16%,1.55%,1.55%,1.55%,0.00%,,,
CIBC,CIBC Aeroplan® Visa Card,https://www.cibc.com/content/dam/global/card_images/online-banking/ps-ac/cibc-olb-ps-ac-aeroplan-platinum-front-en.png/_jcr_content/renditions/cq5dam.thumbnail.319.319.png,Points,Aeroplan,1.55%,1.55%,1.55%,1.55%,1.55%,1.55%,1.55%,0.00%,,,
CIBC,CIBC Aventura® Visa Card for Students,https://www.cibc.com/content/dam/global/card_images/com/flat/cibc-visa-aventura-en.png/_jcr_content/renditions/cq5dam.thumbnail.319.319.png,Points,Aventura,0.58%,0.58%,1.16%,1.16%,1.16%,1.16%,0.58%,0.00%,,,
CIBC,CIBC Aeroplan® Visa Card for Students,https://www.cibc.com/content/dam/global/card_images/online-banking/ps-ac/cibc-olb-ps-ac-aeroplan-platinum-front-en.png/_jcr_content/renditions/cq5dam.thumbnail.319.319.png,Points,Aeroplan,1.03%,1.03%,1.55%,1.03%,1.55%,1.55%,1.03%,0.00%,,,
CIBC,CIBC Dividend® Visa Infinite Card,https://www.cibc.com/content/dam/global/card_images/com/flat/cibc-visa-dividend-infinite-en.png/_jcr_content/renditions/cq5dam.thumbnail.319.319.png,Cashback,,1%,2%,4%,2%,4%,2%,1%,2%,,,
CIBC,CIBC Dividend Platinum® Visa Card,https://www.cibc.com/content/dam/global/card_images/com/flat/cibc-visa-dividend-platinum-en.png/_jcr_content/renditions/cq5dam.thumbnail.319.319.png,Cashback,,1%,2%,3%,1%,3%,2%,1%,2.00%,,,
CIBC, CIBC Dividend® Visa Card,https://www.cibc.com/content/dam/global/card_images/com/flat/cibc-visa-dividend-en.png/_jcr_content/renditions/cq5dam.thumbnail.319.319.png,Cashback,,0.50%,1%,2%,0.50%,1%,1%,0.50%,1.00%,,,
CIBC,CIBC Dividend® Visa Card for Students,https://www.cibc.com/content/dam/global/card_images/com/flat/cibc-visa-dividend-en.png/_jcr_content/renditions/cq5dam.thumbnail.319.319.png,Cashback,,0.50%,1%,2%,0.50%,1%,1%,0.50%,1.00%,,,
CIBC,CIBC U.S. Dollar Aventura® Gold Visa Card,https://www.cibc.com/content/dam/global/card_images/com/flat/cibc-visa-us-dollar-aventura-en.png/_jcr_content/renditions/cq5dam.thumbnail.319.319.png,Points,Adventura,0.58%,0.58%,0.58%,0.58%,0.58%,0.58%,0.58%,0.00%,CIBC Rewards Centre Travel,1.16%,
CIBC,CIBC Select Visa Card,https://www.cibc.com/content/dam/global/card_images/com/flat/cibc-visa-select-en.png/_jcr_content/renditions/cq5dam.thumbnail.319.319.png,Cashback,,0%,0%,0%,0%,0%,0%,0%,0%,,,
CIBC,CIBC Aventura® Visa Card for Business,https://www.cibc.com/content/dam/global/card_images/com/flat/cibc-visa-aventura-gold-business-en.png/_jcr_content/renditions/cq5dam.thumbnail.319.319.png,Points,Aventura,1.16%,1.16%,1.16%,1.16%,1.74%,1.74%,1.16%,0.00%,CIBC Rewards Centre Travel,2.32%,
CIBC,CIBC Aeroplan® Visa Business Card,https://www.cibc.com/content/dam/global/card_images/online-banking/ps-ac/cibc-olb-ps-ac-aeroplan-business-front-en.png/_jcr_content/renditions/cq5dam.thumbnail.319.319.png,Points,Aeroplan,1.55%,2.325%,1.55%,1.55%,1.55%,2.325%,1.55%,2.325%,"Air Canada, Air Canada Vacations",3.10%,"Bill payments cashback is 1.5% only for internet, cable and phone services"
CIBC,CIBC Aventura® Visa Card for Business Plus,https://www.cibc.com/content/dam/global/card_images/com/flat/cibc-visa-aventura-business-plus-en.png/_jcr_content/renditions/cq5dam.thumbnail.319.319.png,Points,Aventura,1.16%,1.16%,1.16%,1.16%,1.74%,1.74%,1.16%,0.00%,CIBC Rewards Centre Travel,2.32%,
CIBC,CIBC Aeroplan® Visa Business Plus Card,https://www.cibc.com/content/dam/global/card_images/online-banking/ps-ac/cibc-olb-ps-ac-aeroplan-business-plus-front-en.png/_jcr_content/renditions/cq5dam.thumbnail.319.319.png,Cashback,,0%,0%,0%,0%,0%,0%,0%,0%,,,
CIBC,CIBC bizline® Visa Card for Business,https://www.cibc.com/content/dam/global/card_images/com/flat/cibc-visa-bizline-en.png/_jcr_content/renditions/cq5dam.thumbnail.319.319.png,Cashback,,0%,0%,0%,0%,0%,0%,0%,0%,,,
CIBC,CIBC Corporate Classic Plus Visa Card,https://www.cibc.com/content/dam/global/card_images/com/flat/cibc-visa-corporate-classic-plus-en.png/_jcr_content/renditions/cq5dam.thumbnail.319.319.png,Cashback,,0%,0%,0%,0%,0%,0%,0%,0%,,,
TD,TD Cash Back Visa Infinite Card,https://www.td.com/ca/en/personal-banking/images/Cash-Back-Infinite_EN_Comp27_548x344_tcm341-338965.jpg,Cashback,,1%,1%,3%,1%,3%,1%,1%,3%,,,
TD,TD Cash Back Visa Card,https://www.td.com/ca/en/personal-banking/images/Cash-Back-Entry_EN_Comp27_548x344_tcm341-338966.jpg,Cashback,,0.50%,0.50%,1%,0.50%,1%,0.50%,0.50%,1%,,,
TD,TD® Aeroplan® Visa Infinite Card,https://www.td.com/ca/en/personal-banking/images/TD_Aeroplan_Infinite_Comp27_EN_FR_548x344_tcm341-336442.jpg,Points,Aeroplan,1.55%,1.55%,2.33%,1.55%,2.33%,2.33%,1.55%,0%,,,
TD,TD® Aeroplan® Visa Platinum Card,https://www.td.com/ca/en/personal-banking/images/TD_Aeroplan_Platinum_Comp27_EN_548x344_tcm341-336443.jpg,Points,Aeroplan,1.03%,1.03%,1.55%,1.03%,1.55%,1.55%,1.03%,0%,,,
TD,TD® Aeroplan® Visa Infinite Privilege Card,https://www.td.com/ca/en/personal-banking/images/TD_Aeroplan_Infinite_Privilege_Comp27_EN_FR_548x344_tcm341-336444.jpg,Points,Aeroplan,1.94%,2.48%,2.48%,1.94%,2.48%,2.48%,1.94%,1.94%,,,
TD,TD First Class Travel Visa Infinite Card,https://www.td.com/ca/en/personal-banking/images/First-Class-Travel_EN_Comp27_548x344_tcm341-234262.jpg,Points,TD Rewards Points,1.50%,1.50%,1.50%,1.50%,1.50%,1.50%,1.50%,0%,,,
TD,TD Platinum Travel Visa Card,https://www.td.com/ca/en/personal-banking/images/Platinum-Travel_EN_Comp27_548x344_tcm341-338972.jpg,Points,,,,,,,,,,,,
TD,TD Rewards Visa Card,https://www.td.com/ca/en/personal-banking/images/TD-Rewards_EN_Comp27_548x344_tcm341-338969.jpg,Points,TD Rewards Points,0.50%,1%,1%,0.50%,0.50%,0.50%,0.50%,1.00%,expedia,1.50%,
TD,TD Emerald Flex Rate Visa Card,https://www.td.com/ca/en/personal-banking/images/Emerald_EN_Comp27_548x344_tcm341-338971.jpg,Points,,0%,0%,0%,0%,0%,0%,0%,0%,,,
TD,TD U.S. Dollar Visa Card,https://www.td.com/ca/en/personal-banking/images/USD_EN_Comp27_548x344_tcm341-339121.jpg, ,,,,,,,,,,,,
TD,TD Business Travel Visa Card,https://www.td.com/ca/en/personal-banking/images/BTV_EN_Comp27_548x344_tcm341-234292.jpg,Points,TD Rewards Points,1%,3%,1%,1%,1%,1%,1%,3%,"forex, expedia","3%, 4.5%",
TD,TD® Aeroplan® Visa Business Card,https://www.td.com/ca/en/personal-banking/images/Aeroplan-Business-Visa-Card_EN_Comp39_255x160_tcm341-338209.jpg,Points,Aeroplan,1.55%,2.33%,1.55%,1.55%,1.55%,2.33%,1.55%,2.33%,"Air Canada, Air Canada Vacation",3.10%,"Bill payment points is only for internet, cable, and phone services. There is also 2.325% awarded for shipping"
TD,TD Business Cash Back Visa Card,https://www.td.com/ca/en/personal-banking/images/BCB_EN_Comp27_548x344_tcm341-338968.jpg,Cashback,,0.50%,0.50%,0.50%,0.50%,2.00%,0.50%,0.50%,2%,Office supplies,2%,
TD,TD Business Select RateTM Visa Card,https://www.td.com/ca/en/personal-banking/images/BSR_EN_Comp27_548x344_tcm341-338970.jpg, ,,,,,,,,,,,,
BMO,BMO eclipse Visa Infinite Card,https://www.bmo.com/dist/images/personal/credit-cards/card-art/bmo-eclipse-infinite.png,Points,BMO,0.67%,3.35%,3.35%,0.67%,3.35%,3.35%,0.67%,0.67%,,,
BMO,BMO eclipse Visa Infinite Privilege Card,https://www.bmo.com/dist/images/personal/credit-cards/card-art/bmo-eclipse-infinite-privilege.png,Points,BMO,0.67%,3.35%,3.35%,3.35%,3.35%,3.35%,0.67%,0.67%,,,
BMO,BMO CashBack® Mastercard®,https://www.bmo.com/dist/images/personal/credit-cards/card-art/bmo-cashback-mastercard.jpg,Cashback,,0.50%,0.50%,3%,0.50%,0.50%,0.50%,0.50%,1%,,,
BMO,BMO Preferred Rate Mastercard®,https://www.bmo.com/dist/images/personal/credit-cards/card-art/bmo-preferred-rate.jpg,Cashback,,0%,0%,0%,0%,0%,0%,0%,0%,,,
BMO,BMO World Elite® Mastercard®,https://www.bmo.com/dist/images/personal/credit-cards/card-art/bmo-rewards-world-elite-mastercard.jpg,Points,BMO,1.34%,2.01%,2.01%,1.34%,1.34%,2.01%,2.01%,1.34%,,,
BMO,BMO AIR MILES® Mastercard®,https://www.bmo.com/dist/images/personal/credit-cards/card-art/bmo-air-miles-mastercard.jpg,Points,Air Miles,0.40%,0.40%,0.40%,0.40%,0.40%,1.20%,0.40%,0.40%,,,
BMO,BMO CashBack® World Elite® Mastercard®,https://www.bmo.com/dist/images/personal/credit-cards/card-art/bmo-cashback-world-elite-mastercard.jpg,Cashback,,1%,1%,5%,1%,3%,4%,1%,2%,,,
BMO,BMO AIR MILES® World Elite® Mastercard®,https://www.bmo.com/dist/images/personal/credit-cards/card-art/bmo-air-miles-world-elite-mastercard.jpg,Points,Air Miles,0.83%,0.83%,0.83%,0.83%,0.83%,2.50%,0.83%,0.83%,,,
BMO,BMO Prepaid Travel Mastercard®,https://www.bmo.com/dist/images/personal/credit-cards/card-art/bmo-prepaid-travel-mastercard.jpg,Cashback,,0%,0%,0%,0%,0%,0%,0%,0%,,,
BMO,BMO Rewards® Mastercard®,https://www.bmo.com/dist/images/personal/credit-cards/card-art/bmo-rewards-mastercard.jpg,Points,BMO,0.67%,0.67%,0.67%,0.67%,0.67%,0.67%,0.67%,0.67%,,,
BMO,BMO U.S. Dollar Mastercard®,https://www.bmo.com/dist/images/personal/credit-cards/card-art/bmo-us-dollar.jpg,Cashback,,0%,0%,0%,0%,0%,0%,0%,0%,,,
BMO,Student BMO CashBack® Mastercard®,https://www.bmo.com/dist/images/personal/credit-cards/card-art/bmo-student-cashback.jpg,Cashback,,0.50%,0.50%,3%,0.50%,0.50%,0.50%,0.50%,1%,,,
BMO,Student BMO AIR MILES® Mastercard®,https://www.bmo.com/dist/images/personal/credit-cards/card-art/bmo-student-air-miles.jpg,Points,Air Miles,0.40%,0.40%,0.40%,0.40%,0.40%,1.20%,0.40%,0.40%,,,
CapitalOne,Guaranteed Mastercard®,https://www.capitalone.ca/static/gm-static-6f26a4ad18798737f744355146ea66c6.png,Cashback,,0%,0%,0%,0%,0%,0%,0%,0%,,,
CapitalOne,Low Rate Guaranteed Mastercard®,https://www.capitalone.ca/static/gm-static-6f26a4ad18798737f744355146ea66c6.png,Cashback,,0%,0%,0%,0%,0%,0%,0%,0%,,,
CapitalOne,Guaranteed Secured Mastercard®,https://www.capitalone.ca/static/gsm-static-6f26a4ad18798737f744355146ea66c6.png,Cashback,,0%,0%,0%,0%,0%,0%,0%,0%,,,
CapitalOne,Aspire Travel™ Platinum Mastercard®,https://www.capitalone.ca/static/atp-en-static-d97169a174f8da97cf67856c0ea37cc2.png,Points,CapitalOne Travel,1%,1%,1%,1%,1%,1%,1%,1%,,,
CapitalOne,Aspire Cash™ Platinum Mastercard®,https://www.capitalone.ca/static/acp-en-static-55d82dcb91bcf839ccb5e2d481aca3e0.png,Cashback,,1%,1%,1%,1%,1%,1%,1%,1%,,,
CapitalOne,"Capital One Mastercard®, Exclusively for Costco Members",https://www.capitalone.ca/static/costco-static-2d19e1e24796c97a9cd1ab571cc8350d.png,Cashback,,1%,3%,1%,1%,2%,1%,1%,1%,,,
Brim,Brim Credit Card,https://brimfinancial.com/images/CARD_n1.png,Cashback,,1%,1%,1%,1%,1%,1%,1%,1%,"Amazon, Spotify, Netflix",2%,
Brim,Brim World Credit Card,https://brimfinancial.com/images/CARD_n2.png,Cashback,,1.50%,1.50%,1.50%,1.50%,1.50%,1.50%,1.50%,1.50%,"Amazon, Spotify, Netflix",3%,
Brim,Brim World Elite Credit Card,https://brimfinancial.com/images/CARD_n3.png,Cashback,,2.00%,2.00%,2.00%,2.00%,2.00%,2.00%,2.00%,2.00%,"Amazon, Spotify, Netflix",4%,
Triangle,Triangle Master Card,https://encrypted-tbn0.gstatic.com/images?q=tbn:ANd9GcQegjtaYIcTPX5mtAoTLj_lKI8nPfy9W1w8xmde5OvgtNIQDhb4yfe2WPsSdT01BNk_Owk&usqp=CAU,Points,Canadian Tire Money,0.50%,0.50%,1.50%,0.50%,0.50%,0.50%,0.50%,0.50%,"Sportscheck, Canadian Tire, Marks, Atmosphere, Gas at CT Gas or Husky Gas","4%, 5-7 cents",
Triangle,Triangle World Master Card,https://insureye.com/Reviews/reviews-files/styles/medium/public/product/2021-02/triangle-world-mastercard.png?itok=ShEeqZnn,Points,Canadian Tire Money,1%,3%,3.00%,1%,1%,1%,1%,1%,"Candian Tire, Canadian Tire Gas, Husky Gas","4%, 5-7 cents",
Triangle,Triangle World Elite Master Card,https://media.creditcardgenius.ca/credit-card-images/lg/canadian-tire-triangle-world-elite-mastercard.png,Points,Canadian Tire Money,1%,3%,3.00%,1%,1%,1%,1%,1%,"Candian Tire, Candian Tire Gas, Husky Gas","4%, 5-7 cents",
Canadian Tire,Canadian Tire Gas Advantage,https://canadiantire.scene7.com/is/image/CanadianTire/CardSelector_OMP_EN_2X?wid=435,Points,N/A,0%,0%,0%,0%,0%,0%,0%,0%,"Candian Tire Gas, Husky Gas",10 Cents,
Canadian Tire,Canadian Tire Cash Advantage,https://canadiantire.scene7.com/is/image/CanadianTire/CardSelector_OMR_EN_2X?wid=435,Cashback,,0.25%,0.25%,0.50%,0.25%,0.25%,0.25%,0.25%,0.25%,"Canadian Tire, Husky Gas",0.50%,
Amex,SimplyCashTM Preferred Card from American Express,https://icm.aexp-static.com/Internet/internationalcardshop/en_ca/images/cards/SimplyCash_Preferred_Card.png,Cashback,,2%,2%,2%,2%,2%,2%,2%,2%,,,
Amex,SimplyCashTM Card from American Express,https://icm.aexp-static.com/Internet/internationalcardshop/en_ca/images/cards/SimplyCash_Card.png,Cashback,,1.25%,1.25%,1.25%,1.25%,1.25%,1.25%,1.25%,1.25%,,,
Amex,American Express® Aeroplan®* Reserve Card,https://icm.aexp-static.com/Internet/internationalcardshop/en_ca/images/cards/aeroplan-reserve-card.png,Points,Air Miles,,,,,,,,,,,
Amex,American Express® Aeroplan®* Card,https://icm.aexp-static.com/Internet/internationalcardshop/en_ca/images/cards/aeroplan-card.png,Points ,Air Miles,,,,,,,,,,,
Amex,American Express CobaltTM Card,https://icm.aexp-static.com/Internet/internationalcardshop/en_ca/images/cards/American_Express_Cobalt_Card.png,Points ,Air Miles,,,,,,,,,,,
Amex,The American Express® Gold Rewards Card,https://icm.aexp-static.com/Internet/internationalcardshop/en_ca/images/cards/Gold_Rewards_Card.png,Points,Air Miles,,,,,,,,,,,
Amex,The Platinum Card®,https://icm.aexp-static.com/Internet/internationalcardshop/en_ca/images/cards/The_Platinum_Card.png,Points,Air Miles,,,,,,,,,,,
Amex,Choice Card from American ExpressTM,https://icm.aexp-static.com/Internet/internationalcardshop/en_ca/images/cards/Choice-Card-Art.png,Points,Air Miles,,,,,,,,,,,
Amex,American Express EssentialTM Credit Card,https://icm.aexp-static.com/Internet/internationalcardshop/en_ca/images/cards/Essential_Credit_Card.png,Cashback,,0,0,0,0,0,0,0,0,,,
Amex,Marriott BonvoyTM American Express® Card,https://icm.aexp-static.com/Internet/internationalcardshop/en_ca/images/cards/marriott-bonvoy-card.png,Points,Mariott Bonvoy,,,,,,,,,,,
Amex,American Express® AIR MILES®* Reserve Credit Card,https://icm.aexp-static.com/Internet/internationalcardshop/en_ca/images/cards/Air_Miles_Reserve_Credit_Card.png,Points,Air Miles,0.75%,0.75%,1%,1%,1%,1%,0.75%,0.75%,,,
Amex,American Express® AIR MILES®* Platinum Credit Card,https://icm.aexp-static.com/Internet/internationalcardshop/en_ca/images/cards/Air_Miles_Platinum_Credit_Card.png,Points,Air Miles,1%,2%,1%,1%,2%,2%,1%,1%,,,
Amex,American Express® AIR MILES®* Credit Card,https://icm.aexp-static.com/Internet/internationalcardshop/en_ca/images/cards/Air_Miles_Credit_Card.png,Points,Air Miles,0.50%,0.50%,0.50%,0.50%,0.50%,0.50%,0.50%,0.50%,,,
Amex,American Express® Aeroplan®* Business Reserve Card,https://icm.aexp-static.com/Internet/internationalcardshop/en_ca/images/cards/American_Express_Aeroplan_Business_Reserve_Card_prem_sbs.png,Points,Air Miles,,,,,,,,,,,
Amex,Business Platinum Card® from American Express,https://icm.aexp-static.com/Internet/internationalcardshop/en_ca/images/cards/Business_Platinum_Card.png,Points,Amex Points,0.88%,0.88%,0.88%,0.88%,0.88%,0.88%,0.88%,0.88%,,,
Amex,American Express Business EdgeTM Card,https://icm.aexp-static.com/Internet/internationalcardshop/en_ca/images/cards/edge-business.png,Points,Amex Points,0.70%,2.10%,0.70%,0.70%,2.10%,0.70%,0.70%,0.70%,,,
Amex,American Express® Business Gold Rewards Card,https://icm.aexp-static.com/Internet/internationalcardshop/en_ca/images/cards/Business_Gold_Rewards_Card.png,Points,Amex Points,0.70%,0.70%,0.70%,0.70%,0.70%,0.70%,0.70%,0.70%,,,
Amex,Marriott BonvoyTM Business American Express® Card,https://icm.aexp-static.com/Internet/internationalcardshop/en_ca/images/cards/marriott-bonvoy-Business_Credit_Card.png,Points,Mariott Bonvoy,1.40%,2.10%,1.40%,1.40%,2.10%,2.10%,1.40%,1.40%,Mariott Bonvoy,3.50%,
Amex,American Express® AIR MILES®* for Business Card,https://icm.aexp-static.com/Internet/internationalcardshop/en_ca/images/cards/AIR_MILES_for_Business_Card.png,Points,Air Miles,0.75%,0.75%,0.75%,0.75%,0.75%,0.75%,0.75%,0.75%,,,
Amex,American Express® AIR MILES®* Gold Business Card,https://icm.aexp-static.com/Internet/internationalcardshop/en_ca/images/cards/AIR_MILES_Gold_Business_Card.png,Points,Air Miles,0.50%,0.50%,0.50%,0.50%,0.50%,0.50%,0.50%,0.50%,,,
MNBA,MBNA True Line®Mastercard®,https://www.mbna.ca/en/images/true-line-medium-en_tcm378-267320.png,Cashback,,0%,0%,0%,0%,0%,0%,0%,0%,,,
MNBA,MBNA True Line Gold Mastercard®,https://www.mbna.ca/en/images/true-line-gold-medium-en_tcm378-268790.png,Cashback,,0%,0%,0%,0%,0%,0%,0%,0%,,,
MNBA,MBNA Rewards Platinum Plus® Mastercard®,https://www.mbna.ca/en/images/mbna-rewards-medium-en_tcm378-267369.png,Points,MBNA Points,1%,4%,4%,1%,1%,1%,1%,4%,,,
MNBA,MBNA Rewards World Elite® Mastercard®,https://www.mbna.ca/en/images/TDMB-0006_CreditCard_Rewards_World_Elite_170x107_En_tcm378-287453.png,Points,MBNA Points,1%,5%,5%,1%,1%,1%,1%,5%,,,
MNBA,MBNA Smart Cash Platinum Plus® Mastercard®,https://www.mbna.ca/en/images/smart-cash-medium-en_tcm378-267340.png,Cashback,,0.50%,0.50%,2%,0.50%,2%,0.50%,0.50%,0.50%,,,
MNBA,MBNA Smart Cash World Mastercard®,https://www.mbna.ca/en/images/smart-cash-mdeium-world-elite-medium-en_tcm378-267457.png,Cashback,,1%,1%,2%,1%,2%,1%,1%,1%,,,
MNBA,Amazon.ca Rewards Mastercard®,https://www.mbna.ca/en/images/amazon-Mastercard-medium-banner_tcm378-292795.jpg,Points,Amzn Rwards (PRIME),1%,1%,1%,1%,1%,1%,1%,1%,"Amazon, Whole Foods",2.50%,
MNBA,Alaska Airlines® World Elite® Mastercard®,https://www.mbna.ca/en/images/TDMB-0006_CreditCard_WorldElite_Alaska_170x107_En_tcm378-289188.png,Points,Alaska Airlines Miles,1.67%,1.67%,1.67%,1.67%,1.67%,1.67%,1.67%,1.67%,Alaska Airlines,5.01%,
MNBA,Alaska Airlines® Platinum Plus® Mastercard®,https://www.mbna.ca/en/images/TDMB-0006_CreditCard_PlatinumPlus_Alaska_170x107_En_tcm378-289189.png,Points,Alaska Airlines Miles,1.67%,1.67%,1.67%,1.67%,1.67%,1.67%,1.67%,1.67%,Alaska Airlines,5.01%,
MNBA,Best Western® Rewards Mastercard®,https://www.mbna.ca/en/images/best-western-medium-en_tcm378-267438.png,Points,Best Western Points,0.70%,0.70%,0.70%,0.70%,0.70%,0.70%,0.70%,0.70%,Best Western,3.50%,
MNBA,Harley-Davidson®Mastercard®,https://www.mbna.ca/en/images/harley-davidson-medium-en_tcm378-267342.png,Points,Harley-Davidson® Genuine Rewards Points,1%,1%,1%,1%,1%,1%,1%,1%,,,
MNBA,Nordstrom Rewards Visa,https://www.mbna.ca/en/images/nordstrom-medium-en_tcm378-267450.png,Points,Nordstrom Points,1%,1%,1%,1%,1%,1%,1%,1%,"Nordstrom, Nordstrom Rack",2%,
MNBA,MelaleucaMastercard®,https://www.mbna.ca/en/images/melaleuca-medium-en_tcm378-267338.png,Points,Melaleuca Loyalty Shopping Dollars,1%,4%,4%,1%,4%,1%,1%,1%,,,
MNBA,The Royal Canadian Legion® MBNA Rewards Mastercard®,https://www.mbna.ca/en/images/AAGOXX_REW_CC_CTM_SML_MKT_E_tcm378-272710.png,Points,MBNA Points,1%,1%,1%,1%,1%,1%,1%,2%,,,
Scotiabank,Scotia Momentum® Visa Infinite Card,https://www.scotiabank.com/content/dam/scotiabank/canada/en/card-arts/Momentum_Visa_Infinite_ENG.png,Cashback,,1%,4%,4%,1%,2%,1%,1%,4%,"Daily transit, subscriptions","2%, 4%",
Scotiabank,Scotiabank Passport™ Visa Infinite Card,https://www.scotiabank.com/content/dam/scotiabank/canada/en/card-arts/Scotia_Passport_VisaInfinite_ENG.png,Points,Scotia Rewards,1%,2%,2%,1%,1%,1%,2%,0%,Dailyt ransit,2%,
Scotiabank,Scotiabank Gold American Express® Card,https://www.scotiabank.com/content/dam/scotiabank/canada/en/card-arts/Gold_American_Express_Card_Eng.png,Points,Scotia Rewards,1%,1%,1%,1%,3%,1%,1%,1%,Daily transit,3%,
Scotiabank,SCENE® Visa Card,https://www.scotiabank.com/content/dam/scotiabank/canada/en/card-arts/Scotia_Scene_Eng.png,Points,SCENE,1%,1%,1%,1%,1%,1%,1%,1%,Cineplex,5%,
Scotiabank,Scotia Momentum® Mastercard® Credit Card,https://www.scotiabank.com/content/dam/scotiabank/canada/en/card-arts/Momentum_MC_ENG.png,Cashback,,0.50%,0.50%,1%,1%,1%,0.50%,0.50%,1%,,,
Scotiabank,Scotia Momentum® Visa Card,https://www.scotiabank.com/content/dam/scotiabank/canada/en/card-arts/Momentum_Visa_ENG.png,Cashback,,1%,1%,2%,2%,2%,1%,1%,2%,,,
Scotiabank,Scotia Momentum® No-Fee Visa Card,https://www.scotiabank.com/content/dam/scotiabank/canada/en/card-arts/Momentum_Visa_ENG.png,Cashback,,0.50%,0.50%,1%,1%,1%,0.50%,0.50%,1%,,,
Scotiabank,Scotiabank American Express® Card,https://www.scotiabank.com/content/dam/scotiabank/canada/en/card-arts/Amex_Red_ENG.png,Points,Scotiabank rewards points,1%,1%,1%,1%,1%,1%,1%,1%,,,
Scotiabank,Scotiabank Platinum American Express® Card,https://www.scotiabank.com/content/dam/scotiabank/canada/en/card-arts/Amex_Platinum_ENG.png,Points,Scotiabank rewards points,1%,4%,4%,1%,4%,1%,4%,1%,,,
Scotiabank,ScotiaGold Passport® Visa Card,https://www.scotiabank.com/content/dam/scotiabank/canada/en/card-arts/ScotiaGold_Passport_ENG.png,Points,Scotiabank rewards points,1%,1%,1%,1%,1%,1%,1%,1%,Scotiabank Rewards Travel Service,5%,
Scotiabank,Scotiabank Value® Visa Card,https://www.scotiabank.com/content/dam/scotiabank/canada/en/card-arts/Value_Visa_ENG.png,Cashback,,0%,0%,0%,0%,0%,0%,0%,0%,,,
Scotiabank,Scotiabank® GM® Visa Infinite Card,https://www.scotiabank.com/content/dam/scotiabank/canada/en/card-arts/ScotiaClassic_NoFee_ENG.png,Points,GM Earnings,5%,5%,5%,5%,5%,5%,5%,5%,,,
Scotiabank,L'earn™ Visa Card,https://www.scotiabank.com/content/dam/scotiabank/canada/en/card-arts/Learn_Visa_ENG.png,Cashback,,1%,1%,1%,1%,1%,1%,1%,1%,,,
Scotiabank,SCENE®* Visa Card-Student,https://www.scotiabank.com/content/dam/scotiabank/canada/en/card-arts/Scotia_Scene_Eng.png,Points,SCENE,1%,1%,1%,1%,1%,1%,1%,1%,Cineplex,5%,
Scotiabank,Scotiabank® GM® Visa Card,https://www.scotiabank.com/content/dam/scotiabank/canada/en/card-arts/ScotiaClassic_Infinite_ENG.png,Points,GM Earnings,2%,2%,2%,2%,2%,2%,2%,2%,,,
Scotiabank,Scotiabank ® U.S. Dollar VISA Card,https://www.scotiabank.com/content/dam/scotiabank/canada/en/card-arts/BNSUSDollar_Visa_ENG.png,Cashback,,0%,0%,0%,0%,0%,0%,0%,0%,,,
Tangerine,Money-Back Credit Card,https://www.tangerine.ca/Tangerine_FBE/content/Main/Product_NEW/Spending/Credit-Card/images/General_Product_Page_Money_Back.png,Cashback,,2%,2%,2%,2%,2%,2%,2%,2%,,,
Tangerine,World Mastercard,https://www.tangerine.ca/Tangerine_FBE/content/Main/Product_NEW/Spending/Credit-Card/images/General%20Product%20Page%20World%20Mastercard.png,Cashback,,2%,2%,2%,2%,2%,2%,2%,2%,,,